Matricula,Nome_Completo,Data_Admissao,ID_Cargos,ID_Niveis,Status,Data_Criacao,Data_Modificacao
001ABC,João da Silva,2023-01-15,8,1,Ativo,2025-05-29 16:19:20,2025-05-29 16:19:20
002DEF,Maria Souza,2024-03-01,1,2,Ferias,2025-05-29 16:41:39,2025-05-29 16:41:39
MATR001,Ana Silva,2023-03-15,1,2,Ativo,2025-05-28 11:54:02,2025-05-28 11:54:02
MATR002,Bruno Costa,2022-06-01,3,3,Ativo,2025-05-28 11:54:02,2025-05-28 11:54:02
MATR003,Carlos Pereira,2024-01-10,2,5,Ativo,2025-05-28 11:54:02,2025-05-28 11:54:02
MATR004,Mariana Souza,2021-08-20,1,4,Ativo,2025-05-28 11:54:02,2025-05-28 11:54:02
MATR005,João Oliveira,2020-05-01,5,5,Ativo,2025-05-28 11:54:02,2025-05-28 11:54:02
