ID_Niveis,Nome_Nivel,Descricao,Data_Criacao,Data_Modificacao
1,Estagiario,Nível para treinamento e desenvolvimento.,2025-05-28 11:54:02,2025-05-28 16:17:37
2,Junior,Nível de entrada para profissionais com até 2 anos de experiência.,2025-05-28 11:54:02,2025-05-28 11:54:02
3,Pleno,Nível intermediário para profissionais com 2 a 5 anos de experiência.,2025-05-28 11:54:02,2025-05-28 11:54:02
4,Senior,Nível avançado para profissionais com mais de 5 anos de experiência e autonomia.,2025-05-28 11:54:02,2025-05-28 11:54:02
5,N/A,Nível não aplicável para cargos sem subdivisões.,2025-05-28 11:54:02,2025-05-28 11:54:02
9,Especialista,Nível para profissionais altamente qualificados.,2025-05-29 16:41:39,2025-05-29 16:41:39
