id,username,password,role,created_at
2,testeuser,scrypt:32768:8:1$BiRhKFDL0A8S8VNO$0152c1de69410913d71a0929bc0a10bdaf32fad9780fc5c512f047004ea4cfcd50cbec7bd27dd6eae9d32135059dc442a846fbad1763c9edb5e6e8c008273600,editor,2025-05-29 16:19:18
3,admin_test,scrypt:32768:8:1$PPVPBCzQTesouJgD$806a37afcf5e9c55b53450755663ecb2fec2d573bc23fca1a81908407152d74b9c8f41e07e8e67eccdfe714634bc63dc425b89749bdf54deef4b652c9f8ed1e3,admin,2025-05-29 16:19:19
4,testeuser_novo,scrypt:32768:8:1$cDtXPqFRIKqNN0xE$5afe7bfd0c960300acf22a48ede4b0c00894fbba371bd6d365f896919a2546348e0824afddfbaf8c29992c2167c3921288459a505dab7f90a1908dc23af64c0c,moderator,2025-05-29 16:41:35
5,admin_test_novo,scrypt:32768:8:1$lbZDOIFOYstQFFsj$bd472ded5d190de04c07d709680f4a6762cebaf89576b9f85df8e4dbfc45e29a9b0e56088b56266683067c37baf2b145ac097c3a35e9c2a18633f98af92b584a,admin,2025-05-29 16:41:36
